{
  "runs": [
    {
      "algorithm": "tsp local search",
      "n_cities": 20,
      "seed": 42,
      "restarts": 10,
      "operator": "two_opt",
      "restart_index": 1,
      "initial_tour": [
        10,
        0,
        14,
        8,
        12,
        11,
        16,
        15,
        5,
        17,
        4,
        6,
        18,
        3,
        13,
        19,
        9,
        7,
        1,
        2
      ],
      "initial_cost": 1180.8792312931973,
      "best_tour": [
        10,
        18,
        14,
        19,
        12,
        3,
        9,
        0,
        4,
        11,
        1,
        13,
        6,
        5,
        8,
        17,
        7,
        2,
        16,
        15
      ],
      "best_cost": 353.55312786016117,
      "iterations": 17,
      "runtime_ms": 2
    },
    {
      "algorithm": "tsp local search",
      "n_cities": 20,
      "seed": 42,
      "restarts": 10,
      "operator": "two_opt",
      "restart_index": 2,
      "initial_tour": [
        12,
        11,
        13,
        9,
        2,
        14,
        1,
        0,
        15,
        3,
        8,
        10,
        4,
        6,
        16,
        18,
        7,
        17,
        5,
        19
      ],
      "initial_cost": 1046.190687410927,
      "best_tour": [
        12,
        3,
        9,
        0,
        4,
        11,
        1,
        13,
        6,
        5,
        8,
        17,
        16,
        7,
        2,
        15,
        10,
        18,
        14,
        19
      ],
      "best_cost": 352.3181764618507,
      "iterations": 17,
      "runtime_ms": 2
    },
    {
      "algorithm": "tsp local search",
      "n_cities": 20,
      "seed": 42,
      "restarts": 10,
      "operator": "two_opt",
      "restart_index": 3,
      "initial_tour": [
        9,
        0,
        1,
        14,
        8,
        12,
        5,
        13,
        3,
        11,
        4,
        2,
        7,
        17,
        16,
        15,
        19,
        10,
        18,
        6
      ],
      "initial_cost": 942.2420700788778,
      "best_tour": [
        9,
        0,
        4,
        11,
        1,
        13,
        6,
        5,
        8,
        17,
        7,
        2,
        16,
        15,
        10,
        18,
        14,
        19,
        12,
        3
      ],
      "best_cost": 353.553127860161,
      "iterations": 13,
      "runtime_ms": 2
    },
    {
      "algorithm": "tsp local search",
      "n_cities": 20,
      "seed": 42,
      "restarts": 10,
      "operator": "two_opt",
      "restart_index": 4,
      "initial_tour": [
        8,
        0,
        5,
        11,
        7,
        19,
        3,
        9,
        14,
        6,
        12,
        10,
        18,
        17,
        13,
        1,
        2,
        15,
        16,
        4
      ],
      "initial_cost": 981.9589693299342,
      "best_tour": [
        8,
        17,
        16,
        7,
        2,
        15,
        10,
        18,
        14,
        19,
        12,
        3,
        9,
        0,
        4,
        11,
        1,
        13,
        6,
        5
      ],
      "best_cost": 352.3181764618506,
      "iterations": 16,
      "runtime_ms": 2
    },
    {
      "algorithm": "tsp local search",
      "n_cities": 20,
      "seed": 42,
      "restarts": 10,
      "operator": "two_opt",
      "restart_index": 5,
      "initial_tour": [
        13,
        15,
        5,
        1,
        11,
        16,
        9,
        12,
        18,
        14,
        0,
        7,
        2,
        6,
        4,
        19,
        10,
        8,
        17,
        3
      ],
      "initial_cost": 1017.002953906608,
      "best_tour": [
        13,
        1,
        11,
        4,
        0,
        9,
        3,
        12,
        19,
        14,
        18,
        10,
        15,
        2,
        7,
        16,
        17,
        8,
        5,
        6
      ],
      "best_cost": 352.31817646185084,
      "iterations": 14,
      "runtime_ms": 2
    },
    {
      "algorithm": "tsp local search",
      "n_cities": 20,
      "seed": 42,
      "restarts": 10,
      "operator": "two_opt",
      "restart_index": 6,
      "initial_tour": [
        12,
        2,
        6,
        14,
        11,
        8,
        15,
        9,
        13,
        3,
        4,
        19,
        1,
        18,
        7,
        10,
        0,
        16,
        17,
        5
      ],
      "initial_cost": 1212.760463689714,
      "best_tour": [
        12,
        19,
        14,
        18,
        10,
        15,
        2,
        7,
        16,
        17,
        8,
        5,
        6,
        13,
        1,
        11,
        4,
        0,
        9,
        3
      ],
      "best_cost": 352.3181764618505,
      "iterations": 17,
      "runtime_ms": 2
    },
    {
      "algorithm": "tsp local search",
      "n_cities": 20,
      "seed": 42,
      "restarts": 10,
      "operator": "two_opt",
      "restart_index": 7,
      "initial_tour": [
        0,
        1,
        7,
        11,
        2,
        16,
        12,
        19,
        10,
        14,
        3,
        6,
        9,
        13,
        18,
        8,
        5,
        17,
        15,
        4
      ],
      "initial_cost": 984.0679026457726,
      "best_tour": [
        0,
        9,
        3,
        12,
        19,
        14,
        18,
        10,
        15,
        2,
        7,
        16,
        17,
        8,
        5,
        6,
        13,
        1,
        11,
        4
      ],
      "best_cost": 352.3181764618508,
      "iterations": 14,
      "runtime_ms": 2
    },
    {
      "algorithm": "tsp local search",
      "n_cities": 20,
      "seed": 42,
      "restarts": 10,
      "operator": "two_opt",
      "restart_index": 8,
      "initial_tour": [
        15,
        16,
        4,
        17,
        12,
        6,
        5,
        1,
        14,
        11,
        13,
        19,
        8,
        9,
        0,
        10,
        2,
        18,
        7,
        3
      ],
      "initial_cost": 1044.8839068238156,
      "best_tour": [
        15,
        2,
        7,
        16,
        17,
        8,
        5,
        6,
        13,
        1,
        11,
        4,
        0,
        9,
        3,
        12,
        19,
        14,
        18,
        10
      ],
      "best_cost": 352.3181764618507,
      "iterations": 17,
      "runtime_ms": 2
    },
    {
      "algorithm": "tsp local search",
      "n_cities": 20,
      "seed": 42,
      "restarts": 10,
      "operator": "two_opt",
      "restart_index": 9,
      "initial_tour": [
        4,
        14,
        0,
        1,
        5,
        11,
        6,
        12,
        13,
        9,
        18,
        15,
        3,
        17,
        19,
        8,
        7,
        16,
        2,
        10
      ],
      "initial_cost": 1054.7496444365465,
      "best_tour": [
        4,
        11,
        1,
        13,
        6,
        5,
        8,
        17,
        16,
        7,
        2,
        15,
        10,
        18,
        14,
        19,
        12,
        3,
        9,
        0
      ],
      "best_cost": 352.3181764618509,
      "iterations": 18,
      "runtime_ms": 2
    },
    {
      "algorithm": "tsp local search",
      "n_cities": 20,
      "seed": 42,
      "restarts": 10,
      "operator": "two_opt",
      "restart_index": 10,
      "initial_tour": [
        3,
        7,
        4,
        9,
        8,
        2,
        5,
        6,
        12,
        1,
        15,
        10,
        0,
        18,
        16,
        14,
        17,
        19,
        11,
        13
      ],
      "initial_cost": 1106.7401642162317,